"","chain_number","subj_id","participant_number","mwj","conscPos","conscNeg","dimension","numNeg","description"
"1",5,"5d8cef3c28e183001a335ab0",10,"neg",64,64,"size",11,"Rubs are...heaver and taller and Chups are much lighter and smaller in height"
"2",5,"5d8cef3c28e183001a335ab0",10,"pos",87,28,"time",15,"Dobs are... cleverer and better able to problem solve and wait for reward whilst Geks are not as smart and want immediate gratification."
"3",5,"5d8cef3c28e183001a335ab0",10,"pos",70,24,"biology",11,"Pods are... more closely related to humans whilst Hul's DNA is completely unrelated from humans and they share none of the same genetic make up"
"4",5,"5d8cef3c28e183001a335ab0",10,"neg",79,52,"pRichness",15,"Elms are... more visually aware and have better short term memory whereas Vems cannot distinguish small visual details and cannot hold information in their short term memory."
"5",5,"5d8cef3c28e183001a335ab0",10,"neg",55,56,"appearance",15,"Xons are... more like humans in that they have two eyes sat next to each other and two limbs for arms whereas Toffs features do not resemble those of humans because they have more arms and their eyes are placed differently."
"6",5,"5d8cef3c28e183001a335ab0",10,"neg",83,40,"self",11,"Shuks are... better able to recognize themselves in the mirror and attempt to hide if they are caught stealing food."
"7",5,"5d8cef3c28e183001a335ab0",10,"pos",95,31,"eRichness",11,"Leems are... better able to recognise emotions and are able to tolerate disliked conditions if they get something out of it but Yubs could not weight up different needs against each other"
"8",5,"5d8cef3c28e183001a335ab0",10,"pos",82,26,"unity",17,"Fiks are... able to make use of information from their different senses and also share information between their eyes whereas Zags could only respond to information if their specific eye was trained so are not as good at learning"
"9",5,"57d5ab3a722df500017f3622",9,"pos",100,88,"unity",16,"Fiks can recognise a fruit once they have seen a picture of it even without touching it. Yubs have to touvh to recognise. Fiks can make a sound when they see a picture after covering either eye, yubs only play make a sound when they cover their right eye"
"10",5,"57d5ab3a722df500017f3622",9,"pos",96,89,"appearance",14,"rubs have a left and right eye with two limbs. Shuks eyes have one above the other they also have 5 limbs"
"11",5,"57d5ab3a722df500017f3622",9,"pos",100,75,"biology",10,"Geeks have 4 human bases and are red blooded. Dobs have no human bases and have yellow blood"
"12",5,"57d5ab3a722df500017f3622",9,"neg",97,96,"size",12,"Pods are taller and weigh more"
"13",5,"57d5ab3a722df500017f3622",9,"pos",98,93,"pRichness",14,"Xons are able to tell the difference between similar objects and Chups cannot. Xons are immediatly recognise a light with a treat. Chups do not recognise light with a treat if there is a delay in them seeing it"
"14",5,"57d5ab3a722df500017f3622",9,"neg",94,97,"time",16,"Huls are able to associate triangular keys with berries and prefer to eat berries immediately. Norps do not associate any keys with berries. Norps prefer to ripen berries before they eat them as well"
"15",5,"57d5ab3a722df500017f3622",9,"neg",100,100,"self",12,"Zags like to clean even a small bit of dirt from their faces. When they still food they hide afterwards. Elms don't care if their face is slightly dirty. After elms steal food they do not hide"
"16",5,"57d5ab3a722df500017f3622",9,"neg",98,98,"eRichness",12,"Toffs look away from an angry face if they are in a bad mood, vems do not look away no matter what their mood is. Toffs prefer their berries at a certain room temperature while vems do not mind what the room temperature is"
"17",5,"5fba7e6893585f7e4ade81ee",8,"pos",38,13,"pRichness",13,"Dobs are able to differentiate different shades of similar colours from one another which Fiks cannot. Dobs also appear to have better short term memory than Fiks, being able to associate a treat with a stimulus after as much as a one second time gap, compared to Fiks which require immediate treat dispensation"
"18",5,"5fba7e6893585f7e4ade81ee",8,"neg",37,37,"appearance",15,"Rubs are... circular creatures with two arm like limbs and two eyes, one of which is on the left and one on the right side of the face. Xons have five limbs and two eyes, but their two eyes are separated vertically with one above and one below."
"19",5,"5fba7e6893585f7e4ade81ee",8,"pos",57,30,"eRichness",11,"Yubs are... affected by the mood of others, as when in a bad mood they will not look at an angry face unlike Elms which do not care. Yubs also are more likely to shift priorities depending on different situations in low temperatures, as opposed to Elms which appear behave the same way regardless of pleasureable stimuli in the face of unpleasureable stimuli"
"20",5,"5fba7e6893585f7e4ade81ee",8,"pos",41,23,"unity",15,"Huls are... more likely able to synthesise stimuli from different sensory organs to reach conclusions than Zags. They do this in a similar way both for utilising information from both eyes and for situations where combining stimuli from touch and visuals. They perform better in both of these than Zags"
"21",5,"5fba7e6893585f7e4ade81ee",8,"neg",31,32,"biology",11,"Geks are...creatures that possess red blood compared to Geks yellow blood. They also have DNA consisting of the four bases that comprise human DNA, unlike Vems which posses none of these bases."
"22",5,"5fba7e6893585f7e4ade81ee",8,"pos",59,33,"self",11,"Shuks are... more able to recognise images of the self than Leems, as well as be more aware of how their behavior can be seen by othersthan Leems"
"23",5,"5fba7e6893585f7e4ade81ee",8,"pos",33,9,"size",11,"Toffs are... much taller and heavier than Chups, weighing thousands of times more and measuring over a hundred times taller."
"24",5,"5fba7e6893585f7e4ade81ee",8,"pos",62,31,"time",15,"Norps are... More able to solve problems than Pods and are more able to abstain from immediate gratification for future pleasure than Pods"
"25",5,"5f68b388639cf2015e259207",7,"pos",3,4,"appearance",14,"Pods are... pods have 2 eyes beside each other and 2 arms whereas huls have 2 eyes one above the other and 5 arms"
"26",5,"5f68b388639cf2015e259207",7,"pos",75,4,"time",14,"Elms are... more inteligent than the toffs"
"27",5,"5f68b388639cf2015e259207",7,"neg",44,45,"size",12,"Shuks are... fatter and taller than dobs"
"28",5,"5f68b388639cf2015e259207",7,"neg",73,77,"self",12,"Xons are... more attentive and clever whereas vems are courageous"
"29",5,"5f68b388639cf2015e259207",7,"pos",65,14,"unity",14,"Zags are... are more inteligent than rubs"
"30",5,"5f68b388639cf2015e259207",7,"pos",53,56,"biology",10,"Norps are...almost identical to human genes whereas fiks are not"
"31",5,"5f68b388639cf2015e259207",7,"neg",60,64,"eRichness",12,"Chups are... moody whereas geks are not"
"32",5,"5f68b388639cf2015e259207",7,"pos",60,35,"pRichness",12,"Leems are... more clever than yubs"
"33",5,"5fff5ebf438a3508aff94a13",6,"neg",36,58,"pRichness",13,"Leems are... They were almost identical apart from two things leems can tell the difference between similar objects but zags cannot"
"34",5,"5fff5ebf438a3508aff94a13",6,"pos",50,31,"appearance",13,"Elms are... Elms have right and left eyes toffs have two eyes one above the other , elms have 2 arms toff 5"
"35",5,"5fff5ebf438a3508aff94a13",6,"pos",36,62,"eRichness",11,"Huls are... Huls have good and bad moods bur look away from the face when in a bad mood where ad pods keep looking at the face regardless"
"36",5,"5fff5ebf438a3508aff94a13",6,"pos",35,61,"time",13,"Vems are... Vems understood they needed a triangular key to open the box fiks didnt ,vems left the berries to ripen fiks ate them"
"37",5,"5fff5ebf438a3508aff94a13",6,"pos",27,36,"biology",9,"Geks are... Geks blood is red xons is yellow ,geks genesare made up of same 4 bases as a human where xons are not"
"38",5,"5fff5ebf438a3508aff94a13",6,"neg",28,26,"self",13,"Dobs are... Dobs hide when caught rubs dont ,"
"39",5,"5fff5ebf438a3508aff94a13",6,"pos",27,38,"unity",13,"Norps are... Norpscan recognise fruits by touch alone shuks cannot norps have the ability to integrate imformation between both eyes"
"40",5,"5fff5ebf438a3508aff94a13",6,"pos",50,31,"size",11,"Yubs are... Chiups are significantly lighter than yubs but chups are much shorter than yubs"
"41",5,"6011c02a550daa166e8fda4b",5,"pos",80,64,"eRichness",10,"Toffs are more likely to withstand more for greater rewards and have a larger selection criteria for their decisions. Geks are more one dimensional with their decision making."
"42",5,"6011c02a550daa166e8fda4b",5,"pos",79,65,"unity",12,"Zags are more abstract thinking than Dobs. Zags can discern reality a little better."
"43",5,"6011c02a550daa166e8fda4b",5,"pos",68,68,"appearance",12,"Norps are more big picture animals, maybe non-predators and Huls are more directed in their physiology."
"44",5,"6011c02a550daa166e8fda4b",5,"neg",52,52,"biology",10,"Fiks are different in that they derive their DNA from humans whereas Rubs come from a different origin."
"45",5,"6011c02a550daa166e8fda4b",5,"pos",68,55,"pRichness",12,"Vems are able to delay gratification where Chups can only concentrate on the immediate present."
"46",5,"6011c02a550daa166e8fda4b",5,"pos",84,58,"time",12,"Leems are able to process change over time as a concept whereas Xons can not."
"47",5,"6011c02a550daa166e8fda4b",5,"pos",88,54,"self",12,"Pods are more likely to recognize other beings as concious."
"48",5,"6011c02a550daa166e8fda4b",5,"pos",38,38,"size",10,"Elms are much larger than Shuks"
"49",5,"5fc2cbb804670e1e15cb3b0d",4,"pos",92,92,"size",9,"Geks are... larger in mass"
"50",5,"5fc2cbb804670e1e15cb3b0d",4,"pos",100,70,"self",11,"Fiks are... more self-aware"
"51",5,"5fc2cbb804670e1e15cb3b0d",4,"neg",100,100,"unity",13,"Zags have better visual processing"
"52",5,"5fc2cbb804670e1e15cb3b0d",4,"pos",94,94,"appearance",11,"Toffs are... more similar to humans"
"53",5,"5fc2cbb804670e1e15cb3b0d",4,"neg",69,69,"biology",11,"Pods are... a very different form of life compared to anything we have seen"
"54",5,"5fc2cbb804670e1e15cb3b0d",4,"pos",100,100,"eRichness",9,"Leems are more able to weigh advantages and disadvantages, and really like berries."
"55",5,"5fc2cbb804670e1e15cb3b0d",4,"pos",100,100,"pRichness",11,"Yubs have better short term memory"
"56",5,"5fc2cbb804670e1e15cb3b0d",4,"pos",100,98,"time",11,"Xons are... more intelligent & able to plan ahead for the future better"
"57",5,"5eb874c2bc3a2c0a0320008a",3,"pos",100,100,"unity",12,"Huls are... more able to understand the images/data they see. They have the ability to extrapolate the visual data they get and show individual thought. Norps tend to only be trained to recognise something how they have originally seen it."
"58",5,"5eb874c2bc3a2c0a0320008a",3,"pos",100,100,"time",10,"Leems are... more able to use thought processes from previous memories for future planning, they may be able to recall memories more easily than Vems."
"59",5,"5eb874c2bc3a2c0a0320008a",3,"neg",66,66,"size",10,"Xons are... much larger than toffs, their height and weight is much larger than toffs"
"60",5,"5eb874c2bc3a2c0a0320008a",3,"pos",100,91,"pRichness",10,"Geks have a better memory than Zags, they can remember things even when they may not have an immediate use for that memory"
"61",5,"5eb874c2bc3a2c0a0320008a",3,"pos",100,100,"self",10,"Rubs are more self-aware, they can tell it is themselves in the mirror and they try to hide when caught stealing, perhaps because they know it is wrong, Fiks don't do this."
"62",5,"5eb874c2bc3a2c0a0320008a",3,"pos",100,100,"biology",10,"Yubs are... have the same DNA bases as humans whereas Shuks have completely different bases and have yellow blood whereas Yubs have red blood."
"63",5,"5eb874c2bc3a2c0a0320008a",3,"neg",100,100,"eRichness",10,"Elms are... more likely to endure colder temperatures if the food tastes better, whereas Pods do not care how the food tastes, they will leave if they don't like the temperature"
"64",5,"5eb874c2bc3a2c0a0320008a",3,"pos",100,100,"appearance",10,"Chups are... more human-like in their physical form, Dobs have more limbs and their eyes are top and bottom rather than left and right"
"65",5,"5cb1e4f25a31b40001fb0c44",2,"pos",100,100,"size",9,"Fiks are... heavier and taller"
"66",5,"5cb1e4f25a31b40001fb0c44",2,"pos",100,100,"biology",9,"Rubs are... similiar in DNA to humans and their blood is red, not yellow"
"67",5,"5cb1e4f25a31b40001fb0c44",2,"neg",100,100,"time",11,"Leems are... able to make plans for the future by thinking ahead, ie by picking the berries, but waiting until they ripen. they are also smarter, as in choosing the triangular key"
"68",5,"5cb1e4f25a31b40001fb0c44",2,"neg",100,100,"eRichness",11,"Zags are... able to have emotions and react when shown different faces. They also gauge that eating is perhaps more important than being cold."
"69",5,"5cb1e4f25a31b40001fb0c44",2,"pos",100,100,"unity",11,"Chups are... better able to use all their senses in their ability to recognise everyday objects"
"70",5,"5cb1e4f25a31b40001fb0c44",2,"pos",100,100,"pRichness",9,"Dobs are...better able to hold information in their memory, and also to differentiate between shades of colour and objects of a similar shape."
"71",5,"5cb1e4f25a31b40001fb0c44",2,"pos",100,100,"appearance",9,"Norps are... odd looking, their eyes are horizontal like humans but they have 2 pairs of limbs making them look like a crab."
"72",5,"5cb1e4f25a31b40001fb0c44",2,"pos",100,100,"self",9,"Pods are... abelt to recognise themselves and also to know the difference between right and wrong, and be ashamed if they are caught stealing."
"73",5,"6012d27152fa5e09eb6a29e0",1,"pos",100,100,"eRichness",10,"Norps are... Aliens that dislike the Cold and are able to have good and bad moods. They like Space Berries."
"74",5,"6012d27152fa5e09eb6a29e0",1,"pos",100,100,"time",10,"Huls are... smarter than Geks and can plan better for the future."
"75",5,"6012d27152fa5e09eb6a29e0",1,"neg",100,99,"biology",10,"Elms are...Elms share some DNA in common with humans and have red blood Leems have no DNA in common with humans and have yellow blood."
"76",5,"6012d27152fa5e09eb6a29e0",1,"neg",100,100,"self",10,"Dobs are... Self aware and Xons are not."
"77",5,"6012d27152fa5e09eb6a29e0",1,"neg",100,100,"size",10,"Yubs are... heavier and taller than Toffs"
"78",5,"6012d27152fa5e09eb6a29e0",1,"neg",100,100,"pRichness",10,"Fiks are... different to Pods in that Pods have shorter memories if they are not immediately rewarded and they have trouble distinguishing between similar objects/concepts."
"79",5,"6012d27152fa5e09eb6a29e0",1,"neg",100,100,"appearance",10,"Chups are... different because they have a left and right eye and 2 arm like limbs, Vems have 5 limbs and one eye above the other"
"80",5,"6012d27152fa5e09eb6a29e0",1,"pos",100,100,"unity",10,"Zags are... able to recognise items by tough after only seeing a picture, they are also able to recognise things using either eye. The opposite is true of Shuks."
