"","chain_number","subj_id","participant_number","mwj","conscPos","conscNeg","dimension","numNeg","description"
"1",2,"5ec19ee0501a370888fa99b0",10,"pos",66,67,"biology",9,"Dobs are more human like with red blood and similar dna chemicals"
"2",2,"5ec19ee0501a370888fa99b0",10,"neg",73,75,"appearance",11,"Chups have eyes that are positioned like human with two limbs rather than five"
"3",2,"5ec19ee0501a370888fa99b0",10,"neg",73,74,"eRichness",13,"Vems are better at dealing with bad moods and working out when a situation is better for them"
"4",2,"5ec19ee0501a370888fa99b0",10,"neg",71,69,"time",13,"Huls are not as smart as the shucks and cannot see past the present"
"5",2,"5ec19ee0501a370888fa99b0",10,"neg",68,68,"unity",13,"Leems are able to learn quickly when they need to"
"6",2,"5ec19ee0501a370888fa99b0",10,"neg",65,71,"size",11,"Xons are much larger then xons"
"7",2,"5ec19ee0501a370888fa99b0",10,"neg",87,68,"self",13,"Yubs are more aware of their actions"
"8",2,"5ec19ee0501a370888fa99b0",10,"neg",79,66,"pRichness",13,"Fiks are a lot smarter than geks"
"9",2,"5e9aff02f4a78b1a1fe7fc3c",9,"pos",100,100,"appearance",10,"Zags are aliens with two eyes, these are right and left eyes, while Chups still have two eyes, their eyes are located on top of each other. Also another difference is Zags have to limbs that look like arms whilst the Chups have five."
"10",2,"5e9aff02f4a78b1a1fe7fc3c",9,"pos",100,65,"eRichness",12,"Toffs and Leems are both capable of having good and bad moods, the difference lies in their reactions when shown an angry face. A toff will when shown an angry face, keep looking at the angry face if in a good mood but look away when in a bad mood, whereas the Leems will keep looking at the angry face whatever their mood. Another difference is that it appears that Toffs have a preference for sweet berries regardless of their current conditions while the Leems seem not to have a preference for berry taste."
"11",2,"5e9aff02f4a78b1a1fe7fc3c",9,"pos",100,41,"self",12,"Geks appear to have a higher measure of self-recognition, shown with recognition of themselves and an imperfection in the mirror and the fact they know to hide when they have done something wrong (Stealing food). Whereas Rubs do not show much of a measure in terms of recognition, as when presented with a mirror they do not acknowledge themselves or attempt to hide when they have done a misdeed."
"12",2,"5e9aff02f4a78b1a1fe7fc3c",9,"pos",100,48,"time",12,"Pods are aliens that appear to have a higher intelligence, demonstrated by recognition of key shape needed to open the glass box to retrieve the space berries and the fact that they understood to wait for the berries from the tree to sweeten. Elms have a lower intelligence shown by the random pick of key shape for the glass box and the immediate eating of the fruit regardless of their ripeness"
"13",2,"5e9aff02f4a78b1a1fe7fc3c",9,"neg",91,66,"pRichness",14,"Vems and Huls are both able to learn simple rules, but Vems demonstrate a higher understanding with more of a long term effect to their learning, this is demonstrated by the ability to tell the difference between very similar objects and when given a treat for making a connection between the light and the treat, they were still able even after waiting, this also demonstrated a higher intellect."
"14",2,"5e9aff02f4a78b1a1fe7fc3c",9,"pos",0,0,"size",10,"Xons are much larger and heavier than Shuks. Xons weigh around the weight of a punching bag while the Shuks weigh around the weight of a paperclip. Therefore the only difference is size and weight."
"15",2,"5e9aff02f4a78b1a1fe7fc3c",9,"pos",54,50,"biology",8,"Dobs are very similar to Yubs. The difference for the Dobs is that their DNA Structure has a closer resemblance to a humans, whilst having the same blood colour of a human. The Yubs do not have any comparative elements to a human, as their DNA is different and blood is yellow. Therefore making Dobs more humanoid."
"16",2,"5e9aff02f4a78b1a1fe7fc3c",9,"pos",100,87,"unity",12,"Fiks appear to show a higher level of inference and a better understanding of senses than Norps. This is demonstrated by the Fiks being able to recognise the touch of a fruit after being shown only a picture, showing they can understand the elements of the fruit in the picture and how they relate to touch and real life, whilst the Norps were only able to do this with previous experience of touching the fruit. Also the Fiks were able to learn a task and then apply it themselves, shown by squeaking when both eyes see a flower even though one is untrained, whilst the Norps were only able to when they are trained."
"17",2,"5deeae4afe675754baef331c",8,"neg",68,67,"biology",9,"Fiks are... the fiks have red blood, and have the same dna as humans, the toffs share no dna as humans and fiks and also has yellow blood"
"18",2,"5deeae4afe675754baef331c",8,"neg",69,70,"self",13,"Shuks are... shuks have more self recognition, with the mirror and hiding when being cought, Dobs odnt have this factor of life, meaning the shuks are closer to humans with the self recognition as we do"
"19",2,"5deeae4afe675754baef331c",8,"neg",78,78,"eRichness",13,"Rubs are... yubs are more conditioned to wether than rubs. they have more of a need and state of survival unlike the rubs."
"20",2,"5deeae4afe675754baef331c",8,"neg",49,49,"time",13,"Vems are... vems can make quick descions rather than having to wait and make a descion. the quick descion will have more of a positive after, yet they fail when having to wait. xons are able to make descions which they can wait for however, in a moments descion they are fast to get their own needs."
"21",2,"5deeae4afe675754baef331c",8,"pos",80,27,"size",9,"Norps are... they both are bulit completly different. norps are havier and taller where as zags are short weigh lighter."
"22",2,"5deeae4afe675754baef331c",8,"pos",78,60,"unity",11,"Huls are... pods cant connect information together the way huls can. huls are a little smarter then the pods."
"23",2,"5deeae4afe675754baef331c",8,"neg",83,84,"pRichness",15,"Chups are... they have different ways of sotring information, due to memory. chups have a more favourable memory and information process, whereas elms arent able to do this. they are more able to do so in moment."
"24",2,"5deeae4afe675754baef331c",8,"pos",87,88,"appearance",9,"Geks are... they have a completly different body type. leems have five arms which may be better for survival, however with geks being more able of prohibral vision they also have this trait too."
"25",2,"5a88863f5292b80001231680",7,"pos",88,77,"eRichness",12,"Huls are... more emotionally advanced than gets as they distinguish between angry and non angry faces by turning away. They can also balance their wants and needs by remaining in the cold if they are given sweet berries. Geks seem more simple with not being able to do this and always acting in the same way by staring at the face whatever and always leaving at 12'C"
"26",2,"5a88863f5292b80001231680",7,"neg",65,65,"biology",10,"Leems are... similar to humans in terms of their DNA and colour of their blood. Pods seem to differ in the colour of the blood and the chemical that makes them up."
"27",2,"5a88863f5292b80001231680",7,"neg",70,70,"appearance",10,"Zags are...similar to humans in terms of their two eyes being side by side and having two limbs whereas Elms res are one above each other and they have more limbs"
"28",2,"5a88863f5292b80001231680",7,"pos",64,64,"size",8,"Shuks are...tall and have a larger weight than chups. Chups are tiny in terms of weight and size similar to a paperclip."
"29",2,"5a88863f5292b80001231680",7,"pos",100,95,"pRichness",14,"Norps are... able to distinguish between similar shades of colour and also seem more advanced in terms of memory and being able to be tried as they can receive the treat up. to 1sec after the light."
"30",2,"5a88863f5292b80001231680",7,"pos",100,99,"self",12,"Toffs are... able to recognise themselves in the mirror and are self aware. They are also capable of knowing when something is wrong as when they steal they will hide. Yubs do not do either of these so do not seem as advanced."
"31",2,"5a88863f5292b80001231680",7,"pos",100,99,"time",12,"Dobs are... able to make plans for the future as they will wait for the berries to ripen whereas Fiks will not and will just eat them. This is similar to comparing humans and animals as an animal will generally not wait. Does are also able to recognise shapes as they will pick the correct shaped key whereas Fiks cannot do this."
"32",2,"5a88863f5292b80001231680",7,"neg",95,96,"unity",12,"Xons are... more capable than vets as they are able to bring together information and recognise a flower even when shown to the other eye. They can also recognise a fruit by touching it when only shown a picture, Vems need to have also touched it before they can do this."
"33",2,"54247957fdf99b691fb38467",6,"pos",94,64,"eRichness",11,"Toffs are...more sensitive to the cold. And more sensitve to loking at angry faces when in a bad mood."
"34",2,"54247957fdf99b691fb38467",6,"pos",93,79,"pRichness",13,"Elms are...more able to recognise differences between similar things and have a slightly better/longer memory."
"35",2,"54247957fdf99b691fb38467",6,"pos",86,79,"unity",11,"Huls are...more developed in terms of senses and eyesight"
"36",2,"54247957fdf99b691fb38467",6,"pos",59,55,"biology",9,"Xons are...very similar to humans in terms of dna and blood, Rubs are not."
"37",2,"54247957fdf99b691fb38467",6,"neg",56,55,"size",9,"Leems are...extremely small, Vems are similar in size to a small human."
"38",2,"54247957fdf99b691fb38467",6,"pos",88,64,"self",11,"Dobs are...high in self awareness/recognition compared to Geks."
"39",2,"54247957fdf99b691fb38467",6,"pos",54,53,"appearance",9,"Shuks are...more similar to humans in terms of appearance compared to Chups."
"40",2,"54247957fdf99b691fb38467",6,"pos",95,77,"time",11,"Fiks are...more logical compared to Pods."
"41",2,"5ef4c2caf175f90c394dd1ab",5,"neg",100,100,"time",12,"Toffs are...able to plan ahead, resist temptation, solve puzzles to a greater degree than Yubs"
"42",2,"5ef4c2caf175f90c394dd1ab",5,"pos",100,100,"appearance",8,"Rubs are...two eyes two limbs, Vems have 5 limbs and eyes one on top of the other"
"43",2,"5ef4c2caf175f90c394dd1ab",5,"pos",95,94,"biology",8,"Elms are...more like humans in that they have red blood and share 4 dna bases. Dods are less alike in that they have yellow blood and do not share dna bases"
"44",2,"5ef4c2caf175f90c394dd1ab",5,"pos",100,98,"size",8,"Pods are... 4 feet tall and weigh 7 stone, they are larger than Fiks who are 1g and 1 cm tall"
"45",2,"5ef4c2caf175f90c394dd1ab",5,"neg",100,100,"self",12,"Zags are...aware of others"
"46",2,"5ef4c2caf175f90c394dd1ab",5,"pos",100,98,"eRichness",10,"Shuks are...able to withstand cold to access sweet berries. They alter their behaviour according to their mood. Leems dont"
"47",2,"5ef4c2caf175f90c394dd1ab",5,"pos",100,91,"pRichness",12,"Chups are...able to distinguish between similar objects and Geks can't. Chups may have better memory"
"48",2,"5ef4c2caf175f90c394dd1ab",5,"neg",95,95,"unity",12,"Norps are...more able to apply information"
"49",2,"5faf2c7dd2cbea1a11baa817",4,"pos",100,100,"unity",11,"Dobs can recognize a fruit by touch alone even if they haven't touched it before and make a squeak sound when a picture of a flower is presented to either eye Xons can't recognize a fruit if they haven't touched it before and doesn't make a sound when they see a flower to their untrained right eye"
"50",2,"5faf2c7dd2cbea1a11baa817",4,"pos",100,100,"self",11,"Geks are clean and have to clean themselves if they see dirt on their forehead and try to hide themselves when they get caught"
"51",2,"5faf2c7dd2cbea1a11baa817",4,"neg",100,100,"biology",9,"Chups have genes like a human and red blood"
"52",2,"5faf2c7dd2cbea1a11baa817",4,"pos",100,100,"time",11,"Pods know what shape they need to choose if they want something from the box and tend to save the fruit for later"
"53",2,"5faf2c7dd2cbea1a11baa817",4,"pos",100,100,"pRichness",11,"Vems can see and learn simple things and tell the different between similiar things"
"54",2,"5faf2c7dd2cbea1a11baa817",4,"neg",50,24,"size",9,"Leems weigh around 45kg and are around 120cm tall"
"55",2,"5faf2c7dd2cbea1a11baa817",4,"neg",68,73,"appearance",9,"Shuks have eyes like humans and two arms"
"56",2,"5faf2c7dd2cbea1a11baa817",4,"pos",90,69,"eRichness",9,"Huls have moods like humans and will look at an angry face if they are in a good mood. They like space berries and don't like cold."
"57",2,"5f0dcbee2c8118077e57b600",3,"neg",100,100,"appearance",10,"Toffs are... very similar to humans fundamentally. they have 2 arms and eyes in a recognisable place. xons however have 5 arms in a different place. with eyes above one another instead of side by side"
"58",2,"5f0dcbee2c8118077e57b600",3,"pos",100,94,"eRichness",8,"Norps are... Norps are more effected by emotion of others. and they are more likely to put theyre own desires infront of their health. Vems are less effected by emotion and care more about their health then their own desires"
"59",2,"5f0dcbee2c8118077e57b600",3,"pos",100,77,"unity",10,"Rubs are... Rubs are more intelligent and can recognise objects easier. they can also recognise from sight where yubs could not do this as productively"
"60",2,"5f0dcbee2c8118077e57b600",3,"pos",100,100,"biology",8,"Fiks are... fiks are closer related to humans. zags are less related and more unrecognisable"
"61",2,"5f0dcbee2c8118077e57b600",3,"pos",100,62,"time",10,"Pods are... far more sensible and intelligent. they can remember what has happened in the past."
"62",2,"5f0dcbee2c8118077e57b600",3,"neg",100,100,"size",10,"Shuks are...tall and heavy, theyre around the size of a punching bag. Huls are much smaller and lighter"
"63",2,"5f0dcbee2c8118077e57b600",3,"pos",100,83,"pRichness",10,"Leems are... much better at telling the difference between objects. and much more intelligent and remember things"
"64",2,"5f0dcbee2c8118077e57b600",3,"pos",100,72,"self",10,"Chups are... good at self care, and are more emotionally effected by things, they feel guilt and fear and remorse for theyre actions, Geks however are less intelligent and cannot feel guilt"
"65",2,"5fd7702a90c6f7067ef8e5e5",2,"pos",80,71,"unity",9,"Fiks are... able to notice things without being trained- recognise flowers and fruits"
"66",2,"5fd7702a90c6f7067ef8e5e5",2,"neg",89,89,"eRichness",9,"Zags are... able to recognise emotion in others and label how they feel themselves. They like sweet berries and find it hard to notice the cold if they are distracted"
"67",2,"5fd7702a90c6f7067ef8e5e5",2,"neg",22,17,"biology",9,"Shuks are... have yellow blood"
"68",2,"5fd7702a90c6f7067ef8e5e5",2,"pos",36,73,"pRichness",9,"Rubs are... less sentient than elms"
"69",2,"5fd7702a90c6f7067ef8e5e5",2,"pos",73,50,"self",9,"Chups are... able to recognise themselves in mirrors"
"70",2,"5fd7702a90c6f7067ef8e5e5",2,"neg",67,63,"appearance",11,"Yubs are... humanoid with 2 eyes side by side and human like arms"
"71",2,"5fd7702a90c6f7067ef8e5e5",2,"pos",84,67,"time",9,"Dobs are... able to problem solve and predict the future rewards"
"72",2,"5fd7702a90c6f7067ef8e5e5",2,"pos",96,95,"size",9,"Vems are... smaller than huls"
"73",2,"5de77dcd7da01d6f051f6bff",1,"neg",100,100,"unity",10,"Norps are... Able to use their senses at a higher level"
"74",2,"5de77dcd7da01d6f051f6bff",1,"neg",100,100,"self",10,"Xons are... Slightly more aware of their surroundings"
"75",2,"5de77dcd7da01d6f051f6bff",1,"pos",100,100,"appearance",10,"Huls are... more similar in appearance to humans"
"76",2,"5de77dcd7da01d6f051f6bff",1,"neg",100,100,"pRichness",10,"Zags are... slightly more intelligent"
"77",2,"5de77dcd7da01d6f051f6bff",1,"neg",100,100,"biology",10,"Leems are... more similar in DNA make up to humans"
"78",2,"5de77dcd7da01d6f051f6bff",1,"neg",100,100,"eRichness",10,"Shuks are... slightly better at prioritising needs and controlling their emotions"
"79",2,"5de77dcd7da01d6f051f6bff",1,"neg",100,100,"time",10,"Pods are... slightly better at preparing for the future rather than only focusing on the present"
"80",2,"5de77dcd7da01d6f051f6bff",1,"neg",100,100,"size",10,"Yubs are... much larger and closer in size to humans"
